id,host_name
689339660,Valeria
760769897,Ellia
969495230,Elise
3323425751,Deanna
4292764830,Kelsey
5813584967,Eddy
5961679794,William
6289503909,Jared
6670990373,Frederick
7621262871,Heather
7784280062,Alberta
11267838049,Tyler
11696098683,Rosie
11745797323,George
12938638555,Darcy
13282897809,Mary
13467711251,Sawyer
13992927619,Arthur
14045566528,Chester
14516682915,Jenna
14920488865,Adelaide
16211727428,Emma
16343223827,Agata
17537448427,Matthew
18399221085,Justin
18425219763,Chester
20568220502,Ryan
20576025416,Alford
20738355824,Charlie
21389589535,Charlie
21636248705,Ellia
21781584182,Byron
21787820811,Violet
25015494698,Sofia
25801284480,Edgar
27207072817,Melanie
27437089550,Adrianna
27743402115,Byron
28086905848,Andrew
28535518402,Violet
29306345588,Charlotte
30191089894,Carlos
30253075852,Audrey
32635231420,Madaline
33238731556,Sophia
34228394206,Paul
35556849395,Michelle
37061887763,Kelly
38264908739,Mary
38278567651,Arthur
38579657286,Miranda
39174831196,Abraham
39776214246,Albert
40815560652,Lucy
41153188173,Alfred
43945171386,Sydney
46480721644,Sarah
47501921105,Lyndon
47502993049,Evelyn
49595827306,Victoria
49921339869,Jared
50778476532,Emma
51018805199,Chloe
56864395436,Steven
57936271725,Rubie
59031426800,Audrey
60088050246,Madaline
60931330665,Leonardo
62325020363,Richard
62992139309,Martin
65603422910,Carina
68034176973,Alfred
70108456652,Victoria
72299294739,Brad
72771681789,Alan
73292273095,Daryl
73297206234,Alberta
73371624660,Sophia
74291995690,William
79638424542,Joyce
79861348248,Sabrina
80178020812,Miranda
80926683538,Joyce
81471714501,David
81849555528,Clark
82083475949,Carl
82126050175,Daniel
83307746837,Alisa
84001079377,Lenny
86997411863,Alina
87014850347,Lilianna
87092192250,Violet
87631747854,Sienna
87944779917,Walter
93362038010,Melissa
94532787850,John
95734990661,Sawyer
95787147567,Madaline
97374363906,Garry
98480978167,Alissa
